,Amount,Count,Num_enf_per_fac,Amt_enf_per_fac
2019,753103.93,230,0.9386586097995494,4049.340346710347
