Program,Num / 1000
CAA,498.16849816849816
CWA,122.37762237762237
RCRA,39.667306461932185
