Program,Num / 1000
CAA,241.12761137679337
CWA,95.62184834346576
RCRA,31.598381026769864
