Program,State,CD,Facilities,Percent
CAA,FL,,76,1.9129121570601562
CWA,FL,,511,2.4082190489655497
RCRA,FL,,192,0.6816729390044735
CAA,FL,14,11,4.029304029304029
CWA,FL,14,43,5.011655011655012
RCRA,FL,14,5,0.3198976327575176
