Program,Num / 1000
CAA,34.98615655675812
CWA,180.45148216221313
RCRA,26.34381878861038
