Program,Num / 1000
CAA,69.59706959706959
CWA,207.45920745920745
RCRA,21.753039027511196
