Program,Num / 1000
CAA,18.755718206770357
CWA,282.6681246582832
RCRA,119.76819059884096
