Program,Num / 1000
CAA,1.829826166514181
CWA,423.728813559322
RCRA,27.04443013522215
