Program,Num / 1000
CAA,7.6206604572396275
CWA,316.40058055152394
RCRA,64.50511945392492
