Program,Num / 1000
CAA,33.944331296673454
CWA,45.6175972927242
RCRA,17.933341021796792
