Program,Num / 1000
CAA,42.94478527607362
CWA,556.9035239745812
RCRA,90.20618556701031
