Program,Num / 1000
CAA,119.76047904191617
CWA,56.63022147462854
RCRA,228.60712054965646
