Program,Num / 1000
CAA,152.5974025974026
CWA,73.05936073059361
RCRA,38.88481291269259
