Program,State,CD,Facilities,Percent
CAA,OR,,14,3.6458333333333335
CWA,OR,,87,2.111650485436893
RCRA,OR,,38,0.3611480707089907
CAA,OR,2,5,4.807692307692308
CWA,OR,2,23,2.9601029601029603
RCRA,OR,2,7,0.3489531405782652
