Program,Num / 1000
CAA,12.987012987012987
CWA,100.78277886497065
RCRA,31.548055759354366
