Program,Num / 1000
CAA,12.5
CWA,188.74773139745918
RCRA,44.222539229671895
