Program,Num / 1000
CAA,549.6464801721488
CWA,167.0628917224984
RCRA,59.014557670772675
