Program,Num / 1000
CAA,52.961672473867594
CWA,5780.540876593099
RCRA,28.700219180348206
