,Amount,Count,Num_enf_per_fac,Amt_enf_per_fac
2019,173698.5,25,3.0533333333333332,34771.462666666666
