Program,Num / 1000
CAA,228.82823451801764
CWA,235.77460888827358
RCRA,23.253560701482414
