Program,Num / 1000
CAA,1.484291250927682
CWA,2690.987124463519
RCRA,22.0585860543229
