Program,Num / 1000
CAA,2.7247956403269753
CWA,2837.6288659793813
RCRA,9.251471825063078
