Program,Num / 1000
CAA,0.0
CWA,2666.0649819494583
RCRA,69.84126984126983
