Program,Num / 1000
CAA,30.192131747483987
CWA,282.6681246582832
RCRA,119.76819059884096
