Program,State,,Facilities,Percent
CAA,WY,,22,1.0064043915827996
CWA,WY,,523,28.594860579551668
RCRA,WY,,9,0.5795235028976174
