Program,Num / 1000
CAA,2.2872827081427265
CWA,1069.4368507381082
RCRA,27.04443013522215
