Program,Num / 1000
CAA,381.5126050420168
CWA,340.2597402597403
RCRA,22.727272727272727
