Program,Num / 1000
CAA,53.78151260504202
CWA,763.6363636363636
RCRA,5.8441558441558445
