Program,Num / 1000
CAA,168.0
CWA,25.985663082437277
RCRA,67.22689075630252
