Program,State,CD,Facilities,Percent
CAA,TX,,272,4.924859677711389
CWA,TX,,2677,7.138857036187632
RCRA,TX,,360,2.4469820554649266
CAA,TX,17,9,7.199999999999999
CWA,TX,17,101,9.050179211469533
RCRA,TX,17,6,1.680672268907563
