Program,Num / 1000
CAA,24.0
CWA,405.9139784946237
RCRA,25.210084033613445
