Program,Num / 1000
CAA,43.47826086956522
CWA,8.130081300813009
RCRA,36.25954198473283
