Program,Num / 1000
CAA,14.492753623188406
CWA,18.97018970189702
RCRA,101.14503816793894
