Program,Num / 1000
CAA,464.56692913385825
CWA,209.7902097902098
RCRA,62.53948199620973
