Program,Num / 1000
CAA,62.99212598425197
CWA,6146.853146853146
RCRA,35.375868603916615
