Program,Num / 1000
CAA,142.28456913827657
CWA,63.90041493775934
RCRA,25.0814332247557
