Program,Num / 1000
CAA,19.17193554966347
CWA,22.860673463083103
RCRA,46.10194902548726
