Program,State,,Facilities,Percent
CAA,NM,,7,0.14276973281664287
CWA,NM,,408,12.604263206672844
RCRA,NM,,36,1.3493253373313343
