Program,Num / 1000
CAA,373.86759581881535
CWA,207.33602735467827
RCRA,36.805756585749144
