Program,Num / 1000
CAA,617.5438596491229
CWA,189.6551724137931
RCRA,31.67420814479638
