Program,Num / 1000
CAA,815.7894736842105
CWA,374.2407724653481
RCRA,50.94314849665193
