Program,Num / 1000
CAA,94.73684210526316
CWA,702.5862068965517
RCRA,20.81447963800905
