,Amount,Count,Num_enf_per_fac,Amt_enf_per_fac
2019,621600.0,416,2.741791542750948,5325.438495930299
