,Amount,Count,Num_enf_per_fac,Amt_enf_per_fac
2019,25800.0,57,2.404681194511703,1228.5714285714287
