Program,Num / 1000
CAA,734.9949135300102
CWA,28.13995533340423
RCRA,42.718060798728395
