Program,State,,Facilities,Percent
CAA,GA,,36,0.9155645981688708
CWA,GA,,2014,4.283739232159949
RCRA,GA,,105,2.086230876216968
