Program,Num / 1000
CAA,269.7095435684647
CWA,244.47612259444048
RCRA,42.951541850220266
