Program,Num / 1000
CAA,224.06639004149378
CWA,1154.6685673556665
RCRA,18.722466960352424
