Program,State,,Facilities,Percent
CAA,DE,,8,2.515723270440252
CWA,DE,,16,20.51282051282051
RCRA,DE,,21,1.5695067264573992
