Program,State,,Facilities,Percent
CAA,IN,,151,8.251366120218579
CWA,IN,,899,7.671303012202406
RCRA,IN,,189,2.175414364640884
