Program,State,CD,Facilities,Percent
CAA,CA,,315,12.252042007001167
CWA,CA,,2637,9.83808386807939
RCRA,CA,,648,0.23207340395814086
CAA,CA,52,0,0.0
CWA,CA,52,17,4.1062801932367154
RCRA,CA,52,9,0.3943908851884312
