Program,Num / 1000
CAA,0.0
CWA,598.6622073578595
RCRA,4.4422507403751235
