Program,Num / 1000
CAA,88.15028901734104
CWA,224.81265611990008
RCRA,36.111111111111114
