Program,State,CD,Facilities,Percent
CAA,MD,,17,0.16624291022882848
CWA,MD,,1232,25.360230547550433
RCRA,MD,,35,0.3201317113326626
CAA,MD,3,2,0.1364256480218281
CWA,MD,3,100,19.841269841269842
RCRA,MD,3,6,0.3955174686882004
