Program,Num / 1000
CAA,2.0463847203274215
CWA,404.76190476190476
RCRA,8.569545154911008
