Program,State,,Facilities,Percent
CAA,NY,,23,0.18965943761853715
CWA,NY,,2229,30.87257617728532
RCRA,NY,,247,0.7980098216593435
