Program,Num / 1000
CAA,563.6363636363636
CWA,284.3137254901961
RCRA,120.23460410557185
