Program,Num / 1000
CAA,145.45454545454547
CWA,10294.117647058823
RCRA,240.4692082111437
