Program,Num / 1000
CAA,279.1812781793459
CWA,590.1328273244782
RCRA,16.536118363794603
