Program,Num / 1000
CAA,2369.230769230769
CWA,212.72365805168985
RCRA,86.84210526315789
