Program,Num / 1000
CAA,77.90368271954674
CWA,8165.690580771108
RCRA,208.7825400999211
