Program,Num / 1000
CAA,92.3076923076923
CWA,6882.703777335984
RCRA,221.05263157894737
