Program,Num / 1000
CAA,119.56521739130434
CWA,270.3962703962704
RCRA,22.357723577235774
