Program,Num / 1000
CAA,48.91304347826087
CWA,326.3403263403263
RCRA,11.788617886178862
