Program,Num / 1000
CAA,288.135593220339
CWA,158.33333333333334
RCRA,37.9041248606466
