Program,Num / 1000
CAA,39.548022598870055
CWA,223.61111111111111
RCRA,21.181716833890746
