Program,Num / 1000
CAA,1022.0125786163522
CWA,833.3333333333334
RCRA,61.285500747384155
