Program,Num / 1000
CAA,33.482142857142854
CWA,125.0
RCRA,42.23864836325237
