Program,Num / 1000
CAA,5.580357142857143
CWA,4193.548387096775
RCRA,14.78352692713833
