Program,Num / 1000
CAA,219.62616822429908
CWA,509.764503159104
RCRA,122.97661870503597
