Program,Num / 1000
CAA,1562.1468926553673
CWA,203.95218345938034
RCRA,102.50990752972258
