Program,Num / 1000
CAA,76.27118644067797
CWA,8184.679190046353
RCRA,208.98282694848083
