Program,Num / 1000
CAA,230.10752688172042
CWA,19.867549668874172
RCRA,15.463917525773196
