Program,Num / 1000
CAA,8.726003490401396
CWA,410.27973618376166
RCRA,21.806328331366267
