Program,Num / 1000
CAA,6.451612903225806
CWA,532.008830022075
RCRA,13.172966781214203
