Program,Num / 1000
CAA,1112.8702757916242
CWA,342.19269102990035
RCRA,70.69296561354513
