Program,Num / 1000
CAA,110.37527593818984
CWA,205.2980132450331
RCRA,120.9349593495935
