Program,Num / 1000
CAA,2.207505518763797
CWA,1817.8807947019868
RCRA,20.32520325203252
