Program,State,,Facilities,Percent
CAA,CO,,54,0.27730704051763977
CWA,CO,,1846,20.43617845676962
RCRA,CO,,49,0.8239448461409113
