Program,Num / 1000
CAA,1931.9148936170213
CWA,123.02405498281787
RCRA,13.90922401171303
