Program,State,,Facilities,Percent
CAA,AK,,24,5.106382978723404
CWA,AK,,808,55.53264604810997
RCRA,AK,,21,1.5373352855051245
