Program,Num / 1000
CAA,138.29787234042553
CWA,8409.621993127148
RCRA,7.320644216691069
