Program,Num / 1000
CAA,27.212614445574772
CWA,250.36690417951718
RCRA,49.67216371945162
