Program,State,,Facilities,Percent
CAA,RI,,2,0.4024144869215292
CWA,RI,,85,15.097690941385435
RCRA,RI,,74,2.3146700031279326
