Program,Num / 1000
CAA,30.18108651911469
CWA,1296.6252220248668
RCRA,48.795746011886145
