Program,Num / 1000
CAA,1213.7254901960785
CWA,179.57746478873239
RCRA,35.24804177545692
