Program,State,CD,Facilities,Percent
CAA,VA,,31,0.4764832462342454
CWA,VA,,620,13.399610979036092
RCRA,VA,,128,1.433370660694289
CAA,VA,4,6,1.1764705882352942
CWA,VA,4,54,19.014084507042252
RCRA,VA,4,8,1.0443864229765014
