Program,Num / 1000
CAA,9.803921568627452
CWA,676.056338028169
RCRA,54.83028720626632
