Program,Num / 1000
CAA,6.4605445316105214
CWA,448.6183074265976
RCRA,54.45988346033169
