Program,Num / 1000
CAA,17.069349385668342
CWA,235.8725761772853
RCRA,23.261824760920135
