Program,Num / 1000
CAA,2.857142857142857
CWA,1000.0
RCRA,12.288786482334869
