Program,Num / 1000
CAA,0.1649212501030758
CWA,680.3324099722992
RCRA,22.066425432928405
