Program,Num / 1000
CAA,285.7142857142857
CWA,73.05936073059361
RCRA,38.88481291269259
