Program,Num / 1000
CAA,243.24324324324326
CWA,55.23255813953488
RCRA,38.404726735598224
