Program,State,CD,Facilities,Percent
CAA,OR,,14,4.545454545454546
CWA,OR,,87,2.8375733855185907
RCRA,OR,,34,0.8314991440449988
CAA,OR,5,1,2.7027027027027026
CWA,OR,5,19,2.761627906976744
RCRA,OR,5,5,0.7385524372230428
