Program,Num / 1000
CAA,27.027027027027028
CWA,103.19767441860465
RCRA,29.542097488921712
