Program,State,,Facilities,Percent
CAA,KY,,8,1.171303074670571
CWA,KY,,2005,24.622375046051822
RCRA,KY,,74,3.6742800397219466
