Program,Num / 1000
CAA,446.5592972181552
CWA,409.431413483974
RCRA,820.2581926514399
