Program,Num / 1000
CAA,16.105417276720353
CWA,1340.16947071104
RCRA,286.99106256206557
