Program,Num / 1000
CAA,248.56644228371977
CWA,24.10734591767114
RCRA,21.300511437081997
