Program,State,,Facilities,Percent
CAA,MA,,78,1.944652206432311
CWA,MA,,469,10.6663634296111
RCRA,MA,,345,1.9389647614230316
