Program,Num / 1000
CAA,1165.80310880829
CWA,261.6580310880829
RCRA,212.25382932166303
