Program,Num / 1000
CAA,72.53886010362694
CWA,344.559585492228
RCRA,8.752735229759299
