Program,Num / 1000
CAA,171.05263157894737
CWA,12.907608695652174
RCRA,36.496350364963504
