Program,Num / 1000
CAA,52.63157894736842
CWA,233.0163043478261
RCRA,124.08759124087591
