Program,State,,Facilities,Percent
CAA,IL,,36,0.23603461841070023
CWA,IL,,2059,26.578030205240736
RCRA,IL,,269,1.1969386847023227
