Program,Num / 1000
CAA,216.0493827160494
CWA,315.38461538461536
RCRA,39.56043956043956
