Program,State,CD,Facilities,Percent
CAA,OH,,52,0.7229250660364243
CWA,OH,,1940,52.136522440204246
RCRA,OH,,225,1.1557427573453873
CAA,OH,1,3,0.9259259259259258
CWA,OH,1,63,48.46153846153846
RCRA,OH,1,7,0.7692307692307693
