Program,Num / 1000
CAA,37.03703703703704
CWA,3123.076923076923
RCRA,15.384615384615385
