Program,Num / 1000
CAA,131.23486682808718
CWA,250.76828518746157
RCRA,10.15434606011373
