Program,State,,Facilities,Percent
CAA,MN,,36,1.7433414043583535
CWA,MN,,170,10.448678549477567
RCRA,MN,,138,0.5605199025182779
