Program,Num / 1000
CAA,46.973365617433416
CWA,516.2876459741856
RCRA,5.442729488220959
