Program,Num / 1000
CAA,1380.5190428041792
CWA,284.38003220611915
RCRA,176.97443002897091
