Program,Num / 1000
CAA,346.49122807017545
CWA,305.1948051948052
RCRA,48.55735397607319
