Program,Num / 1000
CAA,43.85964912280702
CWA,8652.597402597403
RCRA,78.11400422237861
