Program,Num / 1000
CAA,616.6666666666666
CWA,227.71474878444084
RCRA,116.45569620253164
