Program,Num / 1000
CAA,7.291666666666667
CWA,358.18476499189626
RCRA,136.70886075949366
