Program,Num / 1000
CAA,17.964071856287426
CWA,1167.367535744323
RCRA,17.489069331667707
