Program,Num / 1000
CAA,227.1062271062271
CWA,198.0347694633409
RCRA,140.08097165991902
