Program,State,,Facilities,Percent
CAA,SD,,7,2.734375
CWA,SD,,147,22.650231124807398
RCRA,SD,,3,0.20107238605898123
