Program,Num / 1000
CAA,2432.4324324324325
CWA,30.48780487804878
RCRA,2.8680688336520075
