Program,Num / 1000
CAA,432.43243243243245
CWA,841.4634146341464
RCRA,0.9560229445506692
