Program,Num / 1000
CAA,724.6376811594203
CWA,100.60975609756098
RCRA,94.44444444444444
