Program,Num / 1000
CAA,289.8550724637681
CWA,9472.560975609756
RCRA,247.22222222222223
