Program,Num / 1000
CAA,1424.9201277955272
CWA,353.23383084577114
RCRA,156.37065637065638
