Program,Num / 1000
CAA,52.578361981799794
CWA,492.914653784219
RCRA,24.562287441743294
