Program,Num / 1000
CAA,38.33865814696485
CWA,855.7213930348258
RCRA,32.818532818532816
