Program,Num / 1000
CAA,340.59945504087193
CWA,252.57731958762886
RCRA,12.615643397813288
