Program,Num / 1000
CAA,66.0377358490566
CWA,1051.2820512820513
RCRA,82.95964125560538
