Program,Num / 1000
CAA,0.0
CWA,2817.051509769094
RCRA,45.33091568449683
