Program,Num / 1000
CAA,230.76923076923077
CWA,110.36789297658864
RCRA,18.756169792694966
