Program,Num / 1000
CAA,229.6137339055794
CWA,905.9843124348637
RCRA,3.6354880288572766
