Program,Num / 1000
CAA,117.14285714285714
CWA,1000.0
RCRA,12.288786482334869
