Program,Num / 1000
CAA,600.0
CWA,50.42016806722689
RCRA,5.372733378106111
