Program,Num / 1000
CAA,200.0
CWA,546.218487394958
RCRA,3.3579583613163195
