Program,Num / 1000
CAA,448.9795918367347
CWA,657.7540106951872
RCRA,26.540284360189574
