Program,Num / 1000
CAA,228.82823451801764
CWA,235.8725761772853
RCRA,23.261824760920135
