Program,Num / 1000
CAA,0.0
CWA,2631.0160427807486
RCRA,25.592417061611375
