Program,Num / 1000
CAA,0.0
CWA,1004.4247787610619
RCRA,14.824797843665769
