Program,Num / 1000
CAA,1506.9444444444443
CWA,260.49204052098406
RCRA,110.18363939899832
