Program,State,CD,Facilities,Percent
CAA,NC,,74,2.4941017863161443
CWA,NC,,936,15.072463768115943
RCRA,NC,,61,0.7683587353570979
CAA,NC,1,10,3.4722222222222223
CWA,NC,1,70,10.130246020260492
RCRA,NC,1,0,0.0
