Program,Num / 1000
CAA,62.5
CWA,302.4602026049204
RCRA,33.3889816360601
