Program,Num / 1000
CAA,32.74892490903076
CWA,152.0587415187285
RCRA,131.0303239145417
