Program,Num / 1000
CAA,39.735099337748345
CWA,205.2980132450331
RCRA,120.9349593495935
