Program,Num / 1000
CAA,0.0
CWA,236.75496688741723
RCRA,20.32520325203252
