Program,State,,Facilities,Percent
CAA,SC,,17,0.7671480144404332
CWA,SC,,514,18.759124087591243
RCRA,SC,,63,1.2428486881041625
