Program,Num / 1000
CAA,31.137184115523464
CWA,663.8686131386861
RCRA,99.8224501874137
