Program,Num / 1000
CAA,866.6666666666666
CWA,139.2405063291139
RCRA,2.8846153846153846
