Program,Num / 1000
CAA,0.0
CWA,2221.556886227545
RCRA,51.63727959697733
