Program,Num / 1000
CAA,353.4246575342466
CWA,205.97014925373134
RCRA,41.23711340206186
