Program,State,CD,Facilities,Percent
CAA,OH,,52,0.7229250660364243
CWA,OH,,1940,52.136522440204246
RCRA,OH,,225,1.1557427573453873
CAA,OH,5,5,1.36986301369863
CWA,OH,5,171,51.04477611940299
RCRA,OH,5,12,0.8836524300441826
