Program,Num / 1000
CAA,54.794520547945204
CWA,3728.3582089552237
RCRA,35.34609720176731
