Program,State,,Facilities,Percent
CAA,TX,,272,4.924859677711389
CWA,TX,,2677,7.138857036187632
RCRA,TX,,360,2.4469820554649266
