Program,Num / 1000
CAA,33.94817245671608
CWA,45.77512545775125
RCRA,17.985818873580445
