Program,Num / 1000
CAA,142.28456913827657
CWA,63.68899917287014
RCRA,24.787997390737118
