Program,Num / 1000
CAA,0.9052845988457622
CWA,1914.8243591482435
RCRA,8.474087738513864
