Program,Num / 1000
CAA,0.9051821679112921
CWA,1884.8730964467004
RCRA,8.418867489332257
