Program,Num / 1000
CAA,4.008016032064128
CWA,1629.4458229942102
RCRA,20.54794520547945
