Program,Num / 1000
CAA,4.008016032064128
CWA,1410.7883817427387
RCRA,22.149837133550488
