Program,State,,Facilities,Percent
CAA,OR,,14,4.545454545454546
CWA,OR,,87,2.8375733855185907
RCRA,OR,,34,0.8314991440449988
