Program,Num / 1000
CAA,45.45454545454545
CWA,175.47292889758643
RCRA,31.548055759354366
