Program,Num / 1000
CAA,61.98347107438016
CWA,226.57952069716777
RCRA,223.69878183831673
