Program,Num / 1000
CAA,0.0
CWA,131.0530718468259
RCRA,21.01998621640248
