Program,Num / 1000
CAA,0.0
CWA,50.108932461873636
RCRA,33.222591362126245
