Program,State,,Facilities,Percent
CAA,MS,,14,1.2567324955116697
CWA,MS,,781,17.86776481354381
RCRA,MS,,30,0.988793671720501
