Program,Num / 1000
CAA,37.70197486535009
CWA,646.991535117822
RCRA,16.150296638101516
