Program,Num / 1000
CAA,2.5
CWA,766.6248431618569
RCRA,51.634296541923256
