Program,Num / 1000
CAA,2011.6279069767443
CWA,83.55091383812011
RCRA,12.861736334405144
