Program,Num / 1000
CAA,104.65116279069767
CWA,1511.7493472584856
RCRA,24.437299035369776
