Program,Num / 1000
CAA,13.71571072319202
CWA,24.162297697743334
RCRA,21.34489749943681
