Program,Num / 1000
CAA,17.204301075268816
CWA,19.867549668874172
RCRA,15.463917525773196
