Program,Num / 1000
CAA,0.0
CWA,483.44370860927154
RCRA,13.172966781214203
