Program,Num / 1000
CAA,0.0
CWA,367.9051743788466
RCRA,21.85176841630998
