Program,State,,Facilities,Percent
CAA,KS,,24,0.5097706032285472
CWA,KS,,217,3.7680152804306304
RCRA,KS,,91,1.400215417756578
