Program,State,,Facilities,Percent
CAA,NC,,74,2.4941017863161443
CWA,NC,,936,15.072463768115943
RCRA,NC,,61,0.7683587353570979
