Program,Num / 1000
CAA,23.00405953991881
CWA,215.01272264631044
RCRA,50.0
