Program,Num / 1000
CAA,50.22831050228311
CWA,88.27785817655571
RCRA,42.13938411669368
