Program,Num / 1000
CAA,21.308980213089804
CWA,4047.756874095514
RCRA,31.60453808752026
