Program,Num / 1000
CAA,22.14022140221402
CWA,33.41483292583537
RCRA,48.611111111111114
