Program,Num / 1000
CAA,1.2300123001230012
CWA,843.5207823960881
RCRA,37.5
