Program,Num / 1000
CAA,314.2857142857143
CWA,156.52173913043478
RCRA,5.347593582887701
