Program,Num / 1000
CAA,28.571428571428573
CWA,1082.608695652174
RCRA,4.679144385026738
