Program,Num / 1000
CAA,0.611870283499898
CWA,444.2384924312635
RCRA,58.095952023988005
