Program,State,,Facilities,Percent
CAA,WV,,7,0.6542056074766356
CWA,WV,,6213,59.47731188971856
RCRA,WV,,66,1.4838129496402876
