Program,Num / 1000
CAA,20.477815699658702
CWA,3318.385650224215
RCRA,35.2622061482821
