Program,Num / 1000
CAA,56.0
CWA,3.006012024048096
RCRA,24.719101123595507
