Program,Num / 1000
CAA,149.19427847184502
CWA,22.640603749433318
RCRA,47.44426318651441
