Program,State,CD,Facilities,Percent
CAA,TX,,272,4.924859677711389
CWA,TX,,2677,7.138857036187632
RCRA,TX,,360,2.4469820554649266
CAA,TX,24,0,0.0
CWA,TX,24,12,1.2024048096192386
RCRA,TX,24,10,2.247191011235955
