Program,Num / 1000
CAA,8.0
CWA,4.008016032064128
RCRA,22.471910112359552
