Program,Num / 1000
CAA,102.61569416498995
CWA,166.9626998223801
RCRA,55.36440412887082
