Program,Num / 1000
CAA,363.6363636363636
CWA,6.812796208530806
RCRA,37.78337531486146
