Program,Num / 1000
CAA,4.545454545454546
CWA,132.40521327014218
RCRA,47.858942065491185
