Program,Num / 1000
CAA,10.775862068965518
CWA,11.185682326621924
RCRA,13.761467889908257
