Program,Num / 1000
CAA,9.732967307212379
CWA,12.133699633699633
RCRA,9.284420289855072
