Program,Num / 1000
CAA,0.0
CWA,529.7619047619048
RCRA,22.135416666666668
