Program,Num / 1000
CAA,0.0
CWA,489.93288590604027
RCRA,13.188073394495413
