Program,Num / 1000
CAA,1088.235294117647
CWA,157.14285714285714
RCRA,10.416666666666666
