Program,Num / 1000
CAA,0.0
CWA,1203.5714285714287
RCRA,6.3657407407407405
