Program,Num / 1000
CAA,76.92307692307692
CWA,10.847457627118644
RCRA,35.714285714285715
