Program,Num / 1000
CAA,0.0
CWA,171.52542372881356
RCRA,79.36507936507937
