Program,Num / 1000
CAA,17.629566694987254
CWA,185.796145164091
RCRA,48.77673488228958
