Program,Num / 1000
CAA,90.9090909090909
CWA,11.60541586073501
RCRA,24.59016393442623
