Program,Num / 1000
CAA,12.987012987012987
CWA,76.40232108317214
RCRA,16.39344262295082
