Program,Num / 1000
CAA,20.238095238095237
CWA,1716.8141592920354
RCRA,30.150753768844222
