Program,Num / 1000
CAA,7.394854413803729
CWA,1665.227499169711
RCRA,20.178241129981505
