Program,Num / 1000
CAA,581.2274368231047
CWA,121.16788321167883
RCRA,72.99270072992701
