Program,Num / 1000
CAA,507.97872340425533
CWA,193.43065693430657
RCRA,61.806656101426306
