Program,Num / 1000
CAA,23.93617021276596
CWA,1368.6131386861314
RCRA,90.33280507131538
