,Amount,Count,Num_enf_per_fac,Amt_enf_per_fac
2019,1236276.0,567,2.725084818120187,109542.1164274322
