Program,Num / 1000
CAA,432.0
CWA,406.4837905236908
RCRA,766.9902912621359
