Program,Num / 1000
CAA,68.81405563689604
CWA,411.09741060419236
RCRA,820.2581926514399
