Program,Num / 1000
CAA,0.0
CWA,1083.125519534497
RCRA,265.37216828478967
