Program,Num / 1000
CAA,4.392386530014641
CWA,1099.0135635018496
RCRA,286.99106256206557
