Program,Num / 1000
CAA,16.0
CWA,1282.6267664172901
RCRA,265.37216828478967
