Program,Num / 1000
CAA,55.25238744884038
CWA,182.53968253968253
RCRA,17.139090309822016
