Program,Num / 1000
CAA,48.89497359671426
CWA,201.72910662824208
RCRA,16.55538278606055
