Program,Num / 1000
CAA,54.54545454545455
CWA,195.57823129251702
RCRA,65.38461538461539
