Program,State,,Facilities,Percent
CAA,NH,,3,0.2540220152413209
CWA,NH,,167,12.119013062409287
RCRA,NH,,24,0.8191126279863481
