Program,Num / 1000
CAA,202.2090059473237
CWA,101.75377669734328
RCRA,37.08262809663025
