Program,Num / 1000
CAA,225.27472527472528
CWA,106.82819383259911
RCRA,42.16388225934765
