Program,Num / 1000
CAA,23.076923076923077
CWA,410.79295154185024
RCRA,110.58074781225139
