Program,Num / 1000
CAA,54.263565891472865
CWA,33.6271629121776
RCRA,14.467791939373063
