Program,Num / 1000
CAA,0.0
CWA,1442.0502775057134
RCRA,7.9228384429900105
