Program,Num / 1000
CAA,12.820512820512821
CWA,1662.6354245401865
RCRA,66.39676113360323
