Program,Num / 1000
CAA,12.149532710280374
CWA,1946.5824238943137
RCRA,51.2589928057554
