,Amount,Count,Num_enf_per_fac,Amt_enf_per_fac
2019,655975.0,46,2.199876237623762,38586.76470588235
