,Amount,Count,Num_enf_per_fac,Amt_enf_per_fac
2019,3425691.0,404,2.5159422390765673,26147.734722222223
