Program,Num / 1000
CAA,120.23809523809524
CWA,82.59587020648968
RCRA,333.6683417085427
