Program,Num / 1000
CAA,2.8713531251602316
CWA,92.66881744354211
RCRA,398.989898989899
