Program,Num / 1000
CAA,10.714285714285714
CWA,81.63265306122449
RCRA,333.6683417085427
