Program,Num / 1000
CAA,0.0
CWA,444.6064139941691
RCRA,30.150753768844222
