Program,Num / 1000
CAA,0.25637081474644924
CWA,316.6091890087885
RCRA,20.2020202020202
