Program,Num / 1000
CAA,209.8976109215017
CWA,282.5112107623318
RCRA,47.01627486437613
