Program,Num / 1000
CAA,29.473098846100374
CWA,3585.595270088686
RCRA,31.89850010273269
