Program,Num / 1000
CAA,3.90625
CWA,1274.2681047765793
RCRA,2.0107238605898123
