Program,Num / 1000
CAA,39.301310043668124
CWA,7115.254237288135
RCRA,44.33185560481317
