Program,Num / 1000
CAA,68.96551724137932
CWA,226.35658914728683
RCRA,21.379310344827587
