Program,Num / 1000
CAA,19.96370235934664
CWA,5013.953488372093
RCRA,25.517241379310345
