,Amount,Count,Num_enf_per_fac,Amt_enf_per_fac
2019,303881.0,84,2.855524861878453,8616.040745856353
