Program,Num / 1000
CAA,93.14140558848433
CWA,74.74600870827285
RCRA,18.088737201365188
