Program,State,CD,Facilities,Percent
CAA,NH,,3,0.2540220152413209
CWA,NH,,167,12.119013062409287
RCRA,NH,,24,0.8191126279863481
CAA,NH,2,2,0.34602076124567477
CWA,NH,2,83,12.868217054263567
RCRA,NH,2,15,1.1252813203300824
