Program,State,CD,Facilities,Percent
CAA,NH,,3,0.2008032128514056
CWA,NH,,171,8.869294605809129
RCRA,NH,,30,0.15829463908822286
CAA,NH,2,2,0.2789400278940028
CWA,NH,2,86,9.988385598141695
RCRA,NH,2,19,0.250164581961817
