Program,Num / 1000
CAA,10.380622837370241
CWA,361.2403100775194
RCRA,81.77044261065267
