,Amount,Count,Num_enf_per_fac,Amt_enf_per_fac
2019,1779691.0,439,1.7762403444086785,5951.107826679964
