Program,Num / 1000
CAA,326.775956284153
CWA,134.82379042580425
RCRA,55.01841620626151
