Program,Num / 1000
CAA,184.46601941747574
CWA,104.5218680504077
RCRA,41.223404255319146
