Program,Num / 1000
CAA,126.2135922330097
CWA,414.3810229799852
RCRA,38.56382978723404
