Program,Num / 1000
CAA,220.76502732240436
CWA,733.6803481525727
RCRA,39.47974217311234
