Program,Num / 1000
CAA,25.18720217835262
CWA,1719.0496948561465
RCRA,99.3963782696177
