Program,Num / 1000
CAA,29.89771833202203
CWA,103.2657803020524
RCRA,24.20574886535552
