Program,Num / 1000
CAA,10.148849797023004
CWA,4899.491094147583
RCRA,20.0
