Program,Num / 1000
CAA,77.10843373493977
CWA,178.5350966429298
RCRA,71.03218645948945
