Program,State,,Facilities,Percent
CAA,ND,,1,0.12048192771084339
CWA,ND,,383,19.48118006103764
RCRA,ND,,27,2.9966703662597114
