Program,Num / 1000
CAA,0.0
CWA,188.19938962360123
RCRA,55.49389567147614
