Program,Num / 1000
CAA,65.89147286821705
CWA,127.45098039215686
RCRA,5.980861244019139
