Program,State,CD,Facilities,Percent
CAA,NY,,23,0.18965943761853715
CWA,NY,,2229,30.87257617728532
RCRA,NY,,247,0.7980098216593435
CAA,NY,16,0,0.0
CWA,NY,16,37,36.27450980392157
RCRA,NY,16,2,0.23923444976076555
