Program,Num / 1000
CAA,0.0
CWA,3892.156862745098
RCRA,14.354066985645932
