Program,Num / 1000
CAA,46.97263520792932
CWA,146.28230245358708
RCRA,63.00354495649371
