Program,Num / 1000
CAA,34.72222222222222
CWA,171.48014440433212
RCRA,98.41269841269842
