Program,Num / 1000
CAA,449.27536231884056
CWA,77.13498622589532
RCRA,73.45971563981043
