Program,Num / 1000
CAA,42.98259128023417
CWA,92.21742499723237
RCRA,398.52026231713467
