Program,Num / 1000
CAA,544.4839857651245
CWA,137.5
RCRA,45.075125208681136
