Program,Num / 1000
CAA,0.0
CWA,2533.3333333333335
RCRA,14.190317195325543
