Program,Num / 1000
CAA,209.0909090909091
CWA,113.66711772665765
RCRA,15.290519877675841
