Program,Num / 1000
CAA,27.272727272727273
CWA,161.02841677943167
RCRA,16.819571865443425
