Program,Num / 1000
CAA,0.6464124111182935
CWA,3023.416363466741
RCRA,107.96003867225267
