Program,Num / 1000
CAA,279.4117647058824
CWA,69.96587030716724
RCRA,20.2020202020202
