Program,Num / 1000
CAA,686.4111498257839
CWA,22.516556291390728
RCRA,61.53846153846154
