Program,Num / 1000
CAA,13.937282229965156
CWA,280.1324503311258
RCRA,23.076923076923077
