Program,Num / 1000
CAA,400.0
CWA,85.2994555353902
RCRA,64.19400855920114
