Program,Num / 1000
CAA,50.0
CWA,382.94010889292196
RCRA,44.222539229671895
