Program,Num / 1000
CAA,95.15570934256056
CWA,80.62015503875969
RCRA,21.005251312828207
