Program,Num / 1000
CAA,29.903600236081054
CWA,103.27911179963853
RCRA,24.21221292504896
