Program,State,CD,Facilities,Percent
CAA,IL,,36,0.23603461841070023
CWA,IL,,2059,26.578030205240736
RCRA,IL,,269,1.1969386847023227
CAA,IL,9,0,0.0
CWA,IL,9,14,20.0
RCRA,IL,9,3,0.30864197530864196
