Program,Num / 1000
CAA,5.474452554744525
CWA,1157.142857142857
RCRA,0.0
