Program,Num / 1000
CAA,9.377664109121909
CWA,2842.6284533953008
RCRA,11.260459319921667
