Program,Num / 1000
CAA,9.375819564647259
CWA,2849.619207435136
RCRA,11.257453056865712
