Program,Num / 1000
CAA,580.0
CWA,302.5974025974026
RCRA,11.544011544011545
