Program,Num / 1000
CAA,1.3333333333333333
CWA,556.4935064935065
RCRA,27.898027898027898
