Program,Num / 1000
CAA,6.45557946510913
CWA,449.1030905554355
RCRA,54.423292273236285
