,Amount,Count,Num_enf_per_fac,Amt_enf_per_fac
2019,8035.0,20,2.519230769230769,3683.3333333333335
