,Amount,Count,Num_enf_per_fac,Amt_enf_per_fac
2019,11894765.0,878,2.8272426217155444,57814.14482458692
