Program,Num / 1000
CAA,74.07407407407408
CWA,11.144130757800891
RCRA,48.458149779735685
