Program,Num / 1000
CAA,18.51851851851852
CWA,177.5631500742942
RCRA,101.3215859030837
