Program,Num / 1000
CAA,239.76608187134502
CWA,200.0
RCRA,39.13894324853229
