Program,State,CD,Facilities,Percent
CAA,OH,,52,0.7229250660364243
CWA,OH,,1940,52.136522440204246
RCRA,OH,,225,1.1557427573453873
CAA,OH,12,4,2.3391812865497075
CWA,OH,12,88,50.28571428571429
RCRA,OH,12,8,0.7827788649706457
