Program,Num / 1000
CAA,58.47953216374269
CWA,3754.285714285714
RCRA,18.59099804305284
