Program,Num / 1000
CAA,136.25866050808315
CWA,356.82819383259914
RCRA,40.90150250417362
