Program,Num / 1000
CAA,0.0
CWA,3070.4845814977975
RCRA,81.80300500834724
