Program,Num / 1000
CAA,1.484291250927682
CWA,2692.1052631578946
RCRA,22.066425432928405
