Program,Num / 1000
CAA,2254.901960784314
CWA,541.0225921521998
RCRA,80.59023836549376
