Program,State,CD,Facilities,Percent
CAA,PA,,145,1.6376778857013778
CWA,PA,,2327,12.080153662461713
RCRA,PA,,117,0.5120574204560375
CAA,PA,10,7,1.1437908496732025
CWA,PA,10,220,13.079667063020214
RCRA,PA,10,12,1.362088535754824
