Program,Num / 1000
CAA,102.94117647058823
CWA,991.6765755053508
RCRA,47.67309875141884
