Program,Num / 1000
CAA,74.20374971764174
CWA,781.7577739708249
RCRA,19.344391439450305
