Program,Num / 1000
CAA,16.423357664233578
CWA,42.857142857142854
RCRA,13.37448559670782
