Program,Num / 1000
CAA,29.41176470588235
CWA,164.67576791808872
RCRA,15.151515151515152
