Program,Num / 1000
CAA,34.87205218263924
CWA,180.99740014181046
RCRA,26.2906140381958
