Program,State,,Facilities,Percent
CAA,MD,,17,0.16624291022882848
CWA,MD,,1232,25.360230547550433
RCRA,MD,,35,0.3201317113326626
