Program,Num / 1000
CAA,1.2712693135145707
CWA,797.4475092630712
RCRA,5.4879721942742155
