Program,State,,Facilities,Percent
CAA,MT,,7,4.191616766467066
CWA,MT,,480,13.45668629100084
RCRA,MT,,26,1.6239850093691444
