Program,Num / 1000
CAA,289.78622327790976
CWA,722.8260869565217
RCRA,15.463917525773196
