Program,Num / 1000
CAA,9.82318271119843
CWA,70.86614173228347
RCRA,8.57449088960343
