Program,Num / 1000
CAA,9.82318271119843
CWA,2039.3700787401574
RCRA,5.359056806002144
