Program,Num / 1000
CAA,65.81776087316024
CWA,152.0587415187285
RCRA,131.07130554598692
