Program,State,,Facilities,Percent
CAA,NJ,,16,0.2645940135604432
CWA,NJ,,2036,18.92369179291756
RCRA,NJ,,276,2.3768515328970032
