Program,Num / 1000
CAA,6.449479080535803
CWA,1200.2044799702574
RCRA,21.012745435756113
