Program,State,,Facilities,Percent
CAA,ME,,4,0.5333333333333333
CWA,ME,,176,11.428571428571429
RCRA,ME,,34,1.6354016354016354
