Program,State,,Facilities,Percent
CAA,AL,,44,2.247191011235955
CWA,AL,,1189,10.972683647102253
RCRA,AL,,55,0.9600279280851807
