Program,Num / 1000
CAA,17.87538304392237
CWA,401.16279069767444
RCRA,34.5610054110665
