Program,Num / 1000
CAA,74.95741056218058
CWA,561.4035087719299
RCRA,38.70967741935484
