Program,Num / 1000
CAA,0.0
CWA,1105.2631578947369
RCRA,24.193548387096776
