Program,Num / 1000
CAA,44.541010320478
CWA,325.7686871649911
RCRA,80.54649265905384
