Program,State,,Facilities,Percent
CAA,OK,,33,0.23616975595791884
CWA,OK,,425,40.32258064516129
RCRA,OK,,23,0.6672468813460981
