Program,Num / 1000
CAA,498.16849816849816
CWA,121.6685979142526
RCRA,39.59131545338442
