Program,Num / 1000
CAA,240.3411941796287
CWA,95.91113212006618
RCRA,31.53456400807852
