Program,Num / 1000
CAA,69.59706959706959
CWA,206.25724217844729
RCRA,21.711366538952745
