Program,Num / 1000
CAA,229.4054588933784
CWA,235.595567867036
RCRA,23.261824760920135
