Program,Num / 1000
CAA,1.484291250927682
CWA,2713.157894736842
RCRA,22.13104161281985
