Program,Num / 1000
CAA,36.92307692307692
CWA,93.48441926345609
RCRA,39.6600566572238
