Program,Num / 1000
CAA,0.0
CWA,1688.385269121813
RCRA,143.05949008498584
