Program,Num / 1000
CAA,249.0272373540856
CWA,254.49101796407186
RCRA,29.282115869017634
