Program,Num / 1000
CAA,333.3333333333333
CWA,44.39252336448598
RCRA,9.727626459143968
