Program,Num / 1000
CAA,0.0
CWA,640.1869158878504
RCRA,0.648508430609598
