Program,Num / 1000
CAA,1877.7777777777778
CWA,156.34218289085547
RCRA,14.375561545372866
