Program,Num / 1000
CAA,10.090889572747441
CWA,4430.740037950664
RCRA,16.536118363794603
