Program,Num / 1000
CAA,9.97624703087886
CWA,5535.326086956522
RCRA,5.154639175257732
