Program,Num / 1000
CAA,72.87933094384707
CWA,331.7535545023697
RCRA,52.12858384013901
