Program,Num / 1000
CAA,161.73269481932957
CWA,257.3529411764706
RCRA,33.63006923837784
