Program,Num / 1000
CAA,13.142174432497013
CWA,8260.663507109004
RCRA,67.76715899218071
