Program,Num / 1000
CAA,213.64452423698384
CWA,203.84351407000688
RCRA,37.244561634805535
