Program,Num / 1000
CAA,208.6751007924371
CWA,223.86455253963987
RCRA,36.26463940825971
