Program,State,,Facilities,Percent
CAA,MI,,98,3.414634146341464
CWA,MI,,1364,42.39975132110662
RCRA,MI,,467,1.9312683511848143
