Program,State,,Facilities,Percent
CAA,IA,,12,0.26121027427078797
CWA,IA,,1030,58.2579185520362
RCRA,IA,,122,2.4134520276953513
