Program,Num / 1000
CAA,9.57771005659556
CWA,6661.764705882353
RCRA,41.34520276953511
