Program,Num / 1000
CAA,257.6419213973799
CWA,220.33898305084745
RCRA,41.798606713109564
