Program,Num / 1000
CAA,969.3251533742331
CWA,73.94569612940496
RCRA,90.20618556701031
