Program,Num / 1000
CAA,449.28522804629
CWA,122.71142109851787
RCRA,104.62776659959759
