Program,State,,Facilities,Percent
CAA,AR,,33,2.24642614023145
CWA,AR,,877,19.115082824760243
RCRA,AR,,39,1.5694164989939636
