Program,Num / 1000
CAA,47.503045066991476
CWA,108.69565217391305
RCRA,20.590868397493285
