Program,Num / 1000
CAA,10.962241169305726
CWA,1822.9813664596272
RCRA,5.371530886302597
