Program,Num / 1000
CAA,1233.0472103004292
CWA,140.91382809500303
RCRA,6.20393671417982
