Program,Num / 1000
CAA,487.5
CWA,91.59347553324969
RCRA,53.529133112269065
