Program,Num / 1000
CAA,0.0
CWA,933.8842975206611
RCRA,101.89573459715639
